mode,test,rep,metric,value
direct,tput1,1,elapsed_s,5.00743
direct,tput1,1,sys_cpu_s,13.71
direct,tput1,1,lb_cpu_s,0
direct,tput1,1,gbps,17.1786926177873
direct,tput1,1,retrans,762
direct,tput4,1,elapsed_s,5.01068
direct,tput4,1,sys_cpu_s,43.85
direct,tput4,1,lb_cpu_s,0
direct,tput4,1,gbps,39.2738371288354
direct,tput4,1,retrans,9706
direct,cps1,1,elapsed_s,5.01313
direct,cps1,1,sys_cpu_s,8.69
direct,cps1,1,lb_cpu_s,0
direct,cps1,1,conn_per_s,25969
direct,cps1,1,errors,0
direct,cps1,1,p50_us,28
direct,cps1,1,p99_us,74
direct,cps64,1,elapsed_s,5.04794
direct,cps64,1,sys_cpu_s,22.63
direct,cps64,1,lb_cpu_s,0
direct,cps64,1,conn_per_s,102537
direct,cps64,1,errors,0
direct,cps64,1,p50_us,545
direct,cps64,1,p99_us,1085
proxy,tput1,1,elapsed_s,5.08865
proxy,tput1,1,sys_cpu_s,16.83
proxy,tput1,1,lb_cpu_s,3.71
proxy,tput1,1,gbps,11.547521727702943
proxy,tput1,1,retrans,211
proxy,tput4,1,elapsed_s,5.04883
proxy,tput4,1,sys_cpu_s,22.15
proxy,tput4,1,lb_cpu_s,3.67
proxy,tput4,1,gbps,14.534072772426263
proxy,tput4,1,retrans,0
proxy,cps1,1,elapsed_s,5.0114
proxy,cps1,1,sys_cpu_s,11.85
proxy,cps1,1,lb_cpu_s,2.27
proxy,cps1,1,conn_per_s,16719
proxy,cps1,1,errors,0
proxy,cps1,1,p50_us,51
proxy,cps1,1,p99_us,113
proxy,cps64,1,elapsed_s,5.02542
proxy,cps64,1,sys_cpu_s,26.93
proxy,cps64,1,lb_cpu_s,3.99
proxy,cps64,1,conn_per_s,53908
proxy,cps64,1,errors,0
proxy,cps64,1,p50_us,1129
proxy,cps64,1,p99_us,1997
raw,tput1,1,elapsed_s,5.00878
raw,tput1,1,sys_cpu_s,15.98
raw,tput1,1,lb_cpu_s,3.33
raw,tput1,1,gbps,6.7509886859334785
raw,tput1,1,retrans,16834
raw,tput4,1,elapsed_s,5.00988
raw,tput4,1,sys_cpu_s,17.38
raw,tput4,1,lb_cpu_s,3.46
raw,tput4,1,gbps,6.24829556449307
raw,tput4,1,retrans,19310
raw,cps1,1,elapsed_s,5.00997
raw,cps1,1,sys_cpu_s,9.99
raw,cps1,1,lb_cpu_s,1.87
raw,cps1,1,conn_per_s,17584
raw,cps1,1,errors,0
raw,cps1,1,p50_us,45
raw,cps1,1,p99_us,186
raw,cps64,1,elapsed_s,5.03395
raw,cps64,1,sys_cpu_s,26.46
raw,cps64,1,lb_cpu_s,3.34
raw,cps64,1,conn_per_s,70513
raw,cps64,1,errors,0
raw,cps64,1,p50_us,889
raw,cps64,1,p99_us,1476
xdp,tput1,1,elapsed_s,5.00746
xdp,tput1,1,sys_cpu_s,12.38
xdp,tput1,1,lb_cpu_s,0
xdp,tput1,1,xdp_ns_per_pkt,40.4705
xdp,tput1,1,xdp_cpu_s,0.227789
xdp,tput1,1,gbps,12.668040494045593
xdp,tput1,1,retrans,2544
xdp,tput4,1,elapsed_s,5.01112
xdp,tput4,1,sys_cpu_s,22.2
xdp,tput4,1,lb_cpu_s,0
xdp,tput4,1,xdp_ns_per_pkt,51.055
xdp,tput4,1,xdp_cpu_s,0.428042
xdp,tput4,1,gbps,18.520752336966236
xdp,tput4,1,retrans,34476
xdp,cps1,1,elapsed_s,5.01451
xdp,cps1,1,sys_cpu_s,10.02
xdp,cps1,1,lb_cpu_s,0
xdp,cps1,1,xdp_ns_per_pkt,246.483
xdp,cps1,1,xdp_cpu_s,0.255991
xdp,cps1,1,conn_per_s,20625
xdp,cps1,1,errors,0
xdp,cps1,1,p50_us,33
xdp,cps1,1,p99_us,167
xdp,cps64,1,elapsed_s,5.04174
xdp,cps64,1,sys_cpu_s,26.48
xdp,cps64,1,lb_cpu_s,0
xdp,cps64,1,xdp_ns_per_pkt,215.296
xdp,cps64,1,xdp_cpu_s,0.949185
xdp,cps64,1,conn_per_s,87782
xdp,cps64,1,errors,0
xdp,cps64,1,p50_us,701
xdp,cps64,1,p99_us,1324
direct,tput1,2,elapsed_s,5.00821
direct,tput1,2,sys_cpu_s,14.95
direct,tput1,2,lb_cpu_s,0
direct,tput1,2,gbps,13.076057170587394
direct,tput1,2,retrans,248
direct,tput4,2,elapsed_s,5.01171
direct,tput4,2,sys_cpu_s,45.39
direct,tput4,2,lb_cpu_s,0
direct,tput4,2,gbps,39.030615628649926
direct,tput4,2,retrans,9556
direct,cps1,2,elapsed_s,5.01166
direct,cps1,2,sys_cpu_s,9.25
direct,cps1,2,lb_cpu_s,0
direct,cps1,2,conn_per_s,23130
direct,cps1,2,errors,0
direct,cps1,2,p50_us,30
direct,cps1,2,p99_us,164
direct,cps64,2,elapsed_s,5.0391
direct,cps64,2,sys_cpu_s,25.35
direct,cps64,2,lb_cpu_s,0
direct,cps64,2,conn_per_s,86136
direct,cps64,2,errors,0
direct,cps64,2,p50_us,686
direct,cps64,2,p99_us,1343
proxy,tput1,2,elapsed_s,5.04996
proxy,tput1,2,sys_cpu_s,19.46
proxy,tput1,2,lb_cpu_s,4
proxy,tput1,2,gbps,11.46707503906229
proxy,tput1,2,retrans,233
proxy,tput4,2,elapsed_s,5.04939
proxy,tput4,2,sys_cpu_s,22.31
proxy,tput4,2,lb_cpu_s,3.87
proxy,tput4,2,gbps,11.971589462710627
proxy,tput4,2,retrans,0
proxy,cps1,2,elapsed_s,5.00915
proxy,cps1,2,sys_cpu_s,10.27
proxy,cps1,2,lb_cpu_s,2.14
proxy,cps1,2,conn_per_s,15507
proxy,cps1,2,errors,0
proxy,cps1,2,p50_us,52
proxy,cps1,2,p99_us,214
proxy,cps64,2,elapsed_s,5.02336
proxy,cps64,2,sys_cpu_s,25.85
proxy,cps64,2,lb_cpu_s,3.88
proxy,cps64,2,conn_per_s,41706
proxy,cps64,2,errors,0
proxy,cps64,2,p50_us,1520
proxy,cps64,2,p99_us,2299
raw,tput1,2,elapsed_s,5.01222
raw,tput1,2,sys_cpu_s,14.19
raw,tput1,2,lb_cpu_s,3.55
raw,tput1,2,gbps,4.008625923068511
raw,tput1,2,retrans,12021
raw,tput4,2,elapsed_s,5.01082
raw,tput4,2,sys_cpu_s,18.46
raw,tput4,2,lb_cpu_s,3.52
raw,tput4,2,gbps,5.67867302149865
raw,tput4,2,retrans,19137
raw,cps1,2,elapsed_s,5.01266
raw,cps1,2,sys_cpu_s,10.14
raw,cps1,2,lb_cpu_s,1.8
raw,cps1,2,conn_per_s,16983
raw,cps1,2,errors,0
raw,cps1,2,p50_us,45
raw,cps1,2,p99_us,205
raw,cps64,2,elapsed_s,5.02578
raw,cps64,2,sys_cpu_s,25.68
raw,cps64,2,lb_cpu_s,3.29
raw,cps64,2,conn_per_s,51606
raw,cps64,2,errors,0
raw,cps64,2,p50_us,1176
raw,cps64,2,p99_us,1930
xdp,tput1,2,elapsed_s,5.01128
xdp,tput1,2,sys_cpu_s,15.35
xdp,tput1,2,lb_cpu_s,0
xdp,tput1,2,xdp_ns_per_pkt,40.624
xdp,tput1,2,xdp_cpu_s,0.242388
xdp,tput1,2,gbps,13.440322743163335
xdp,tput1,2,retrans,746
xdp,tput4,2,elapsed_s,5.01119
xdp,tput4,2,sys_cpu_s,32.28
xdp,tput4,2,lb_cpu_s,0
xdp,tput4,2,xdp_ns_per_pkt,58.3694
xdp,tput4,2,xdp_cpu_s,0.639009
xdp,tput4,2,gbps,24.22096366652579
xdp,tput4,2,retrans,29363
xdp,cps1,2,elapsed_s,5.01204
xdp,cps1,2,sys_cpu_s,10.04
xdp,cps1,2,lb_cpu_s,0
xdp,cps1,2,xdp_ns_per_pkt,246.165
xdp,cps1,2,xdp_cpu_s,0.254618
xdp,cps1,2,conn_per_s,20547
xdp,cps1,2,errors,0
xdp,cps1,2,p50_us,33
xdp,cps1,2,p99_us,168
xdp,cps64,2,elapsed_s,5.03586
xdp,cps64,2,sys_cpu_s,26.75
xdp,cps64,2,lb_cpu_s,0
xdp,cps64,2,xdp_ns_per_pkt,271.102
xdp,cps64,2,xdp_cpu_s,1.00346
xdp,cps64,2,conn_per_s,73728
xdp,cps64,2,errors,0
xdp,cps64,2,p50_us,829
xdp,cps64,2,p99_us,1519
direct,tput1,3,elapsed_s,5.00865
direct,tput1,3,sys_cpu_s,15.66
direct,tput1,3,lb_cpu_s,0
direct,tput1,3,gbps,11.49328125882887
direct,tput1,3,retrans,152
direct,tput4,3,elapsed_s,5.01204
direct,tput4,3,sys_cpu_s,49.98
direct,tput4,3,lb_cpu_s,0
direct,tput4,3,gbps,42.65390131639588
direct,tput4,3,retrans,29898
direct,cps1,3,elapsed_s,5.01404
direct,cps1,3,sys_cpu_s,9.39
direct,cps1,3,lb_cpu_s,0
direct,cps1,3,conn_per_s,23234
direct,cps1,3,errors,0
direct,cps1,3,p50_us,30
direct,cps1,3,p99_us,162
direct,cps64,3,elapsed_s,5.03864
direct,cps64,3,sys_cpu_s,25.53
direct,cps64,3,lb_cpu_s,0
direct,cps64,3,conn_per_s,82995
direct,cps64,3,errors,0
direct,cps64,3,p50_us,720
direct,cps64,3,p99_us,1355
proxy,tput1,3,elapsed_s,5.088
proxy,tput1,3,sys_cpu_s,21.8
proxy,tput1,3,lb_cpu_s,4.1
proxy,tput1,3,gbps,10.736601011980472
proxy,tput1,3,retrans,1
proxy,tput4,3,elapsed_s,5.09158
proxy,tput4,3,sys_cpu_s,27.02
proxy,tput4,3,lb_cpu_s,3.8
proxy,tput4,3,gbps,10.008253068846788
proxy,tput4,3,retrans,45
proxy,cps1,3,elapsed_s,5.01001
proxy,cps1,3,sys_cpu_s,14.36
proxy,cps1,3,lb_cpu_s,2.26
proxy,cps1,3,conn_per_s,14513
proxy,cps1,3,errors,0
proxy,cps1,3,p50_us,59
proxy,cps1,3,p99_us,140
proxy,cps64,3,elapsed_s,5.0211
proxy,cps64,3,sys_cpu_s,29.38
proxy,cps64,3,lb_cpu_s,3.88
proxy,cps64,3,conn_per_s,38678
proxy,cps64,3,errors,0
proxy,cps64,3,p50_us,1653
proxy,cps64,3,p99_us,2288
raw,tput1,3,elapsed_s,5.01148
raw,tput1,3,sys_cpu_s,18.55
raw,tput1,3,lb_cpu_s,2.82
raw,tput1,3,gbps,5.666384033289369
raw,tput1,3,retrans,13030
raw,tput4,3,elapsed_s,5.00934
raw,tput4,3,sys_cpu_s,21.79
raw,tput4,3,lb_cpu_s,3.47
raw,tput4,3,gbps,5.032065796829972
raw,tput4,3,retrans,15026
raw,cps1,3,elapsed_s,5.009
raw,cps1,3,sys_cpu_s,13.09
raw,cps1,3,lb_cpu_s,1.95
raw,cps1,3,conn_per_s,16516
raw,cps1,3,errors,0
raw,cps1,3,p50_us,50
raw,cps1,3,p99_us,109
raw,cps64,3,elapsed_s,5.02704
raw,cps64,3,sys_cpu_s,30.8
raw,cps64,3,lb_cpu_s,3.25
raw,cps64,3,conn_per_s,51539
raw,cps64,3,errors,0
raw,cps64,3,p50_us,1241
raw,cps64,3,p99_us,1618
xdp,tput1,3,elapsed_s,5.00924
xdp,tput1,3,sys_cpu_s,14.99
xdp,tput1,3,lb_cpu_s,0
xdp,tput1,3,xdp_ns_per_pkt,42.382
xdp,tput1,3,xdp_cpu_s,0.221228
xdp,tput1,3,gbps,11.737834854402088
xdp,tput1,3,retrans,538
xdp,tput4,3,elapsed_s,5.00918
xdp,tput4,3,sys_cpu_s,28.14
xdp,tput4,3,lb_cpu_s,0
xdp,tput4,3,xdp_ns_per_pkt,61.2898
xdp,tput4,3,xdp_cpu_s,0.435339
xdp,tput4,3,gbps,15.851746734197283
xdp,tput4,3,retrans,22458
xdp,cps1,3,elapsed_s,5.01127
xdp,cps1,3,sys_cpu_s,12.87
xdp,cps1,3,lb_cpu_s,0
xdp,cps1,3,xdp_ns_per_pkt,267.65
xdp,cps1,3,xdp_cpu_s,0.281456
xdp,cps1,3,conn_per_s,20884
xdp,cps1,3,errors,0
xdp,cps1,3,p50_us,34
xdp,cps1,3,p99_us,95
xdp,cps64,3,elapsed_s,5.03086
xdp,cps64,3,sys_cpu_s,28.81
xdp,cps64,3,lb_cpu_s,0
xdp,cps64,3,xdp_ns_per_pkt,331.688
xdp,cps64,3,xdp_cpu_s,1.02327
xdp,cps64,3,conn_per_s,61508
xdp,cps64,3,errors,0
xdp,cps64,3,p50_us,1012
xdp,cps64,3,p99_us,1751
